date,dq,zcq,gjj,ding3,ding6,zyxm,dfxm
1989/02,11.34 ,19.26 ,N/A,7.56 ,9.00 ,N/A,N/A
1989/03,11.34 ,19.26 ,N/A,7.56 ,9.00 ,N/A,N/A
1989/04,11.34 ,19.26 ,N/A,7.56 ,9.00 ,N/A,N/A
1989/05,11.34 ,19.26 ,N/A,7.56 ,9.00 ,N/A,N/A
1989/06,11.34 ,19.26 ,N/A,7.56 ,9.00 ,N/A,N/A
1989/07,11.34 ,19.26 ,N/A,7.56 ,9.00 ,N/A,N/A
1989/08,11.34 ,19.26 ,N/A,7.56 ,9.00 ,N/A,N/A
1989/09,11.34 ,19.26 ,N/A,7.56 ,9.00 ,N/A,N/A
1989/10,11.34 ,19.26 ,N/A,7.56 ,9.00 ,N/A,N/A
1989/11,11.34 ,19.26 ,N/A,7.56 ,9.00 ,N/A,N/A
1989/12,11.34 ,19.26 ,N/A,7.56 ,9.00 ,N/A,N/A
1990/01,11.34 ,19.26 ,N/A,7.56 ,9.00 ,N/A,N/A
1990/02,11.34 ,19.26 ,N/A,7.56 ,9.00 ,N/A,N/A
1990/03,10.08 ,11.88 ,N/A,7.56 ,9.00 ,N/A,N/A
1990/04,10.08 ,11.88 ,N/A,6.30 ,7.74 ,N/A,N/A
1990/05,10.08 ,11.88 ,N/A,6.30 ,7.74 ,N/A,N/A
1990/06,10.08 ,11.88 ,N/A,6.30 ,7.74 ,N/A,N/A
1990/07,10.08 ,11.88 ,N/A,6.30 ,7.74 ,N/A,N/A
1990/08,9.36 ,11.16 ,N/A,4.32 ,6.48 ,N/A,N/A
1990/09,9.36 ,11.16 ,N/A,4.33 ,6.48 ,N/A,N/A
1990/10,9.36 ,11.16 ,N/A,4.32 ,6.48 ,N/A,N/A
1990/11,9.36 ,11.16 ,N/A,4.32 ,6.48 ,N/A,N/A
1990/12,9.36 ,11.16 ,N/A,4.32 ,6.48 ,N/A,N/A
1991/01,9.36 ,11.16 ,N/A,4.32 ,6.48 ,N/A,N/A
1991/02,9.36 ,11.16 ,N/A,4.32 ,6.48 ,N/A,N/A
1991/03,9.36 ,11.16 ,N/A,4.32 ,6.48 ,N/A,N/A
1991/04,8.64 ,9.72 ,N/A,3.24 ,5.40 ,N/A,N/A
1991/05,8.64 ,9.72 ,N/A,3.25 ,5.40 ,N/A,N/A
1991/06,8.64 ,9.72 ,N/A,3.24 ,5.40 ,N/A,N/A
1991/07,8.64 ,9.72 ,N/A,3.24 ,5.40 ,N/A,N/A
1991/08,8.64 ,9.72 ,N/A,3.24 ,5.40 ,N/A,N/A
1991/09,8.64 ,9.72 ,N/A,3.24 ,5.40 ,N/A,N/A
1991/10,8.64 ,9.72 ,N/A,3.24 ,5.40 ,N/A,N/A
1991/11,8.64 ,9.72 ,N/A,3.24 ,5.40 ,N/A,N/A
1991/12,8.64 ,9.72 ,N/A,3.24 ,5.40 ,N/A,N/A
1992/01,8.64 ,9.72 ,N/A,3.24 ,5.40 ,N/A,N/A
1992/02,8.64 ,9.72 ,N/A,3.24 ,5.40 ,N/A,N/A
1992/03,8.64 ,9.72 ,N/A,3.24 ,5.40 ,N/A,N/A
1992/04,8.64 ,9.72 ,N/A,3.24 ,5.40 ,N/A,N/A
1992/05,8.64 ,9.72 ,N/A,3.24 ,5.40 ,N/A,N/A
1992/06,8.64 ,9.72 ,N/A,3.24 ,5.40 ,N/A,N/A
1992/07,8.64 ,9.72 ,N/A,3.24 ,5.40 ,N/A,N/A
1992/08,8.64 ,9.72 ,N/A,3.24 ,5.40 ,N/A,N/A
1992/09,8.64 ,9.72 ,N/A,3.24 ,5.40 ,N/A,N/A
1992/10,8.64 ,9.72 ,N/A,3.24 ,5.40 ,N/A,N/A
1992/11,8.64 ,9.72 ,N/A,3.24 ,5.40 ,N/A,N/A
1992/12,8.64 ,9.72 ,N/A,3.24 ,5.40 ,N/A,N/A
1993/01,8.64 ,9.72 ,N/A,3.24 ,5.40 ,N/A,N/A
1993/02,8.64 ,9.72 ,N/A,3.24 ,5.40 ,N/A,N/A
1993/03,8.64 ,9.72 ,N/A,3.25 ,5.40 ,N/A,N/A
1993/04,8.64 ,9.72 ,N/A,3.24 ,5.40 ,N/A,N/A
1993/05,9.36 ,12.24 ,N/A,4.86 ,7.20 ,N/A,N/A
1993/06,9.36 ,12.24 ,N/A,4.86 ,7.20 ,N/A,N/A
1993/07,10.98 ,14.04 ,N/A,6.66 ,9.00 ,N/A,N/A
1993/08,10.98 ,14.04 ,N/A,6.66 ,9.00 ,N/A,N/A
1993/09,10.98 ,14.04 ,N/A,6.66 ,9.00 ,N/A,N/A
1993/10,10.98 ,14.04 ,N/A,6.66 ,9.00 ,N/A,N/A
1993/11,10.98 ,14.04 ,N/A,6.66 ,9.00 ,N/A,N/A
1993/12,10.98 ,14.04 ,N/A,6.66 ,9.00 ,N/A,N/A
1994/01,10.98 ,14.04 ,N/A,6.66 ,9.00 ,N/A,N/A
1994/02,10.98 ,14.04 ,N/A,6.66 ,9.00 ,N/A,N/A
1994/03,10.98 ,14.04 ,N/A,6.66 ,9.00 ,N/A,N/A
1994/04,10.98 ,14.04 ,N/A,6.66 ,9.00 ,N/A,N/A
1994/05,10.98 ,14.04 ,N/A,6.66 ,9.00 ,N/A,N/A
1994/06,10.98 ,14.04 ,N/A,6.66 ,9.00 ,N/A,N/A
1994/07,10.98 ,14.04 ,N/A,6.66 ,9.00 ,N/A,N/A
1994/08,10.98 ,14.04 ,N/A,6.66 ,9.00 ,N/A,N/A
1994/09,10.98 ,14.04 ,N/A,6.66 ,9.00 ,N/A,N/A
1994/10,10.98 ,14.04 ,N/A,6.66 ,9.00 ,N/A,N/A
1994/11,10.98 ,14.04 ,N/A,6.66 ,9.00 ,N/A,N/A
1994/12,10.98 ,14.04 ,N/A,6.66 ,9.00 ,N/A,N/A
1995/01,10.98 ,14.76 ,N/A,6.66 ,9.00 ,N/A,N/A
1995/02,10.98 ,14.76 ,N/A,6.66 ,9.00 ,N/A,N/A
1995/03,10.98 ,14.76 ,N/A,6.66 ,9.00 ,N/A,N/A
1995/04,10.98 ,14.76 ,N/A,6.66 ,9.00 ,N/A,N/A
1995/05,10.98 ,14.76 ,N/A,6.66 ,9.00 ,N/A,N/A
1995/06,10.98 ,14.76 ,N/A,6.66 ,9.00 ,N/A,N/A
1995/07,12.06 ,15.30 ,N/A,6.66 ,9.00 ,N/A,N/A
1995/08,12.06 ,15.30 ,N/A,6.66 ,9.00 ,N/A,N/A
1995/09,12.06 ,15.30 ,N/A,6.66 ,9.00 ,N/A,N/A
1995/10,12.06 ,15.30 ,N/A,6.66 ,9.00 ,N/A,N/A
1995/11,12.06 ,15.30 ,N/A,6.66 ,9.00 ,N/A,N/A
1995/12,12.06 ,15.30 ,N/A,6.66 ,9.00 ,N/A,N/A
1996/01,12.06 ,15.30 ,N/A,6.66 ,9.00 ,N/A,N/A
1996/02,12.06 ,15.30 ,N/A,6.66 ,9.00 ,N/A,N/A
1996/03,12.06 ,15.30 ,N/A,6.66 ,9.00 ,N/A,N/A
1996/04,12.06 ,15.30 ,N/A,6.66 ,9.00 ,N/A,N/A
1996/05,10.98 ,15.12 ,N/A,4.86 ,7.20 ,N/A,N/A
1996/06,10.98 ,15.12 ,N/A,4.86 ,7.20 ,N/A,N/A
1996/07,10.98 ,15.12 ,N/A,4.86 ,7.20 ,N/A,N/A
1996/08,10.08 ,12.42 ,N/A,3.33 ,5.40 ,N/A,N/A
1996/09,10.08 ,12.42 ,N/A,3.33 ,5.40 ,N/A,N/A
1996/10,10.08 ,12.42 ,N/A,3.33 ,5.40 ,N/A,N/A
1996/11,10.08 ,12.42 ,N/A,3.33 ,5.40 ,N/A,N/A
1996/12,10.08 ,12.42 ,N/A,3.33 ,5.40 ,N/A,N/A
1997/01,10.08 ,12.42 ,N/A,3.33 ,5.40 ,N/A,N/A
1997/02,10.08 ,12.42 ,N/A,3.33 ,5.40 ,N/A,N/A
1997/03,10.08 ,12.42 ,N/A,3.33 ,5.40 ,N/A,N/A
1997/04,10.08 ,12.42 ,N/A,3.33 ,5.40 ,N/A,N/A
1997/05,10.08 ,12.42 ,N/A,3.33 ,5.40 ,N/A,N/A
1997/06,10.08 ,12.42 ,N/A,3.33 ,5.40 ,N/A,N/A
1997/07,10.08 ,12.42 ,N/A,3.33 ,5.40 ,N/A,N/A
1997/08,10.08 ,12.42 ,N/A,3.33 ,5.40 ,N/A,N/A
1997/09,10.08 ,12.42 ,N/A,3.33 ,5.40 ,N/A,N/A
1997/10,8.64 ,10.53 ,N/A,2.88 ,4.14 ,N/A,N/A
1997/11,8.64 ,10.53 ,N/A,2.88 ,4.14 ,N/A,N/A
1997/12,8.64 ,10.53 ,N/A,2.88 ,4.14 ,N/A,N/A
1998/01,8.64 ,10.53 ,N/A,2.88 ,4.14 ,N/A,N/A
1998/02,8.64 ,10.53 ,N/A,2.88 ,4.14 ,N/A,N/A
1998/03,7.92 ,10.35 ,N/A,2.88 ,4.14 ,N/A,N/A
1998/04,7.92 ,10.35 ,N/A,2.88 ,4.14 ,N/A,N/A
1998/05,7.92 ,10.35 ,N/A,2.88 ,4.14 ,N/A,N/A
1998/06,7.92 ,10.35 ,N/A,2.88 ,4.14 ,N/A,N/A
1998/07,6.93 ,8.01 ,N/A,2.79 ,3.96 ,N/A,N/A
1998/08,6.93 ,8.01 ,N/A,2.79 ,3.96 ,N/A,N/A
1998/09,6.93 ,8.01 ,N/A,2.79 ,3.96 ,N/A,N/A
1998/10,6.93 ,8.01 ,N/A,2.79 ,3.96 ,N/A,N/A
1998/11,6.93 ,8.01 ,N/A,2.79 ,3.96 ,N/A,N/A
1998/12,6.39 ,7.56 ,N/A,2.79 ,3.33 ,N/A,N/A
1999/01,6.39 ,7.56 ,N/A,2.79 ,3.33 ,N/A,N/A
1999/02,6.39 ,7.56 ,N/A,2.79 ,3.33 ,N/A,N/A
1999/03,6.39 ,7.56 ,N/A,2.79 ,3.33 ,N/A,N/A
1999/04,6.39 ,7.56 ,N/A,2.79 ,3.33 ,N/A,N/A
1999/05,6.39 ,7.56 ,N/A,2.79 ,3.33 ,N/A,N/A
1999/06,5.85 ,6.21 ,4.59 ,1.98 ,2.16 ,N/A,N/A
1999/07,5.85 ,6.21 ,4.59 ,1.98 ,2.16 ,N/A,N/A
1999/08,5.85 ,6.21 ,4.59 ,1.98 ,2.16 ,N/A,N/A
1999/09,5.85 ,6.21 ,4.59 ,1.98 ,2.16 ,N/A,N/A
1999/10,5.85 ,6.21 ,4.59 ,1.98 ,2.16 ,N/A,N/A
1999/11,5.85 ,6.21 ,4.59 ,1.98 ,2.16 ,N/A,N/A
1999/12,5.85 ,6.21 ,4.59 ,1.98 ,2.16 ,N/A,N/A
2000/01,5.85 ,6.21 ,4.59 ,1.98 ,2.16 ,N/A,N/A
2000/02,5.85 ,6.21 ,4.59 ,1.98 ,2.16 ,N/A,N/A
2000/03,5.85 ,6.21 ,4.59 ,1.98 ,2.16 ,N/A,N/A
2000/04,5.85 ,6.21 ,4.59 ,1.98 ,2.16 ,N/A,N/A
2000/05,5.85 ,6.21 ,4.59 ,1.98 ,2.16 ,N/A,N/A
2000/06,5.85 ,6.21 ,4.59 ,1.98 ,2.16 ,N/A,N/A
2000/07,5.85 ,6.21 ,4.59 ,1.98 ,2.16 ,N/A,N/A
2000/08,5.85 ,6.21 ,4.59 ,1.98 ,2.16 ,N/A,N/A
2000/09,5.85 ,6.21 ,4.59 ,1.98 ,2.16 ,N/A,N/A
2000/10,5.85 ,6.21 ,4.59 ,1.98 ,2.16 ,N/A,N/A
2000/11,5.85 ,6.21 ,4.59 ,1.98 ,2.16 ,N/A,N/A
2000/12,5.85 ,6.21 ,4.59 ,1.98 ,2.16 ,N/A,N/A
2001/01,5.85 ,6.21 ,4.59 ,1.98 ,2.16 ,N/A,N/A
2001/02,5.85 ,6.21 ,4.59 ,1.98 ,2.16 ,18.60 ,81.40 
2001/03,5.85 ,6.21 ,4.59 ,1.98 ,2.16 ,20.90 ,79.10 
2001/04,5.85 ,6.21 ,4.59 ,1.98 ,2.16 ,20.70 ,79.30 
2001/05,5.85 ,6.21 ,4.59 ,1.98 ,2.16 ,21.80 ,78.20 
2001/06,5.85 ,6.21 ,4.59 ,1.98 ,2.16 ,22.10 ,77.90 
2001/07,5.85 ,6.21 ,4.59 ,1.98 ,2.16 ,22.20 ,77.80 
2001/08,5.85 ,6.21 ,4.59 ,1.98 ,2.16 ,22.30 ,77.70 
2001/09,5.85 ,6.21 ,4.59 ,1.98 ,2.16 ,22.20 ,77.80 
2001/10,5.85 ,6.21 ,4.59 ,1.98 ,2.16 ,22.50 ,77.50 
2001/11,5.85 ,6.21 ,4.59 ,1.98 ,2.16 ,23.10 ,77.10 
2001/12,5.85 ,6.21 ,4.59 ,1.98 ,2.16 ,21.80 ,70.90 
2002/01,5.85 ,6.21 ,4.59 ,1.98 ,2.16 ,N/A,N/A
2002/02,5.31 ,5.76 ,4.05 ,1.71 ,1.89 ,17.90 ,82.10 
2002/03,5.31 ,5.76 ,4.05 ,1.71 ,1.89 ,22.70 ,77.30 
2002/04,5.31 ,5.76 ,4.05 ,1.71 ,1.89 ,18.70 ,81.30 
2002/05,5.31 ,5.76 ,4.05 ,1.71 ,1.89 ,19.10 ,80.90 
2002/06,5.31 ,5.76 ,4.05 ,1.71 ,1.89 ,23.00 ,82.00 
2002/07,5.31 ,5.76 ,4.05 ,1.71 ,1.89 ,17.90 ,82.10 
2002/08,5.31 ,5.76 ,4.05 ,1.71 ,1.89 ,17.80 ,82.20 
2002/09,5.31 ,5.76 ,4.05 ,1.71 ,1.89 ,17.90 ,82.10 
2002/10,5.31 ,5.76 ,4.05 ,1.71 ,1.89 ,18.10 ,81.90 
2002/11,5.31 ,5.76 ,4.05 ,1.71 ,1.89 ,18.40 ,81.60 
2002/12,5.31 ,5.76 ,4.05 ,1.71 ,1.89 ,18.00 ,74.90 
2003/01,5.31 ,5.76 ,4.05 ,1.71 ,1.89 ,N/A,N/A
2003/02,5.31 ,5.76 ,4.05 ,1.71 ,1.89 ,13.20 ,86.80 
2003/03,5.31 ,5.76 ,4.05 ,1.71 ,1.89 ,14.40 ,85.60 
2003/04,5.31 ,5.76 ,4.05 ,1.71 ,1.89 ,14.80 ,85.20 
2003/05,5.31 ,5.76 ,4.05 ,1.71 ,1.89 ,13.10 ,86.90 
2003/06,5.31 ,5.76 ,4.05 ,1.71 ,1.89 ,12.30 ,87.70 
2003/07,5.31 ,5.76 ,4.05 ,1.71 ,1.89 ,12.00 ,88.00 
2003/08,5.31 ,5.76 ,4.05 ,1.71 ,1.89 ,11.80 ,88.20 
2003/09,5.31 ,5.76 ,4.05 ,1.71 ,1.89 ,11.80 ,88.20 
2003/10,5.31 ,5.76 ,4.05 ,1.71 ,1.89 ,11.70 ,88.30 
2003/11,5.31 ,5.76 ,4.05 ,1.71 ,1.89 ,12.00 ,88.00 
2003/12,5.31 ,5.76 ,4.05 ,1.71 ,1.89 ,13.30 ,79.80 
2004/01,5.31 ,5.76 ,4.05 ,1.71 ,1.89 ,N/A,N/A
2004/02,5.31 ,5.76 ,4.05 ,1.71 ,1.89 ,16.70 ,83.40 
2004/03,5.31 ,5.76 ,4.05 ,1.71 ,1.89 ,15.90 ,84.10 
2004/04,5.31 ,5.76 ,4.05 ,1.71 ,1.89 ,16.30 ,83.70 
2004/05,5.31 ,5.76 ,4.05 ,1.71 ,1.89 ,15.90 ,84.10 
2004/06,5.31 ,5.76 ,4.05 ,1.71 ,1.89 ,15.40 ,84.60 
2004/07,5.31 ,5.76 ,4.05 ,1.71 ,1.89 ,15.80 ,84.20 
2004/08,5.31 ,5.76 ,4.05 ,1.71 ,1.89 ,15.60 ,84.40 
2004/09,5.31 ,5.76 ,4.05 ,1.71 ,1.89 ,15.30 ,84.70 
2004/10,5.58 ,6.12 ,4.23 ,1.71 ,2.07 ,15.30 ,84.70 
2004/11,5.58 ,6.12 ,4.23 ,1.71 ,2.07 ,15.20 ,84.80 
2004/12,5.58 ,6.12 ,4.23 ,1.71 ,2.07 ,12.70 ,87.30 
2005/01,5.58 ,6.12 ,4.23 ,1.71 ,2.07 ,N/A,N/A
2005/02,5.58 ,6.12 ,4.23 ,1.71 ,2.07 ,10.80 ,89.20 
2005/03,5.58 ,6.12 ,4.41 ,1.71 ,2.07 ,10.60 ,89.40 
2005/04,5.58 ,6.12 ,4.41 ,1.71 ,2.07 ,11.40 ,88.60 
2005/05,5.58 ,6.12 ,4.41 ,1.71 ,2.07 ,11.20 ,88.80 
2005/06,5.58 ,6.12 ,4.41 ,1.71 ,2.07 ,10.80 ,89.20 
2005/07,5.58 ,6.12 ,4.41 ,1.71 ,2.07 ,10.60 ,89.40 
2005/08,5.58 ,6.12 ,4.41 ,1.71 ,2.07 ,10.70 ,89.30 
2005/09,5.58 ,6.12 ,4.41 ,1.71 ,2.07 ,10.60 ,89.40 
2005/10,5.58 ,6.12 ,4.41 ,1.71 ,2.07 ,10.70 ,89.30 
2005/11,5.58 ,6.12 ,4.41 ,1.71 ,2.07 ,10.80 ,89.20 
2005/12,5.58 ,6.12 ,4.41 ,1.71 ,2.07 ,12.10 ,87.90 
2006/01,5.58 ,6.12 ,4.41 ,1.71 ,2.07 ,N/A,N/A
2006/02,5.58 ,6.12 ,4.41 ,1.71 ,2.07 ,10.30 ,89.70 
2006/03,5.58 ,6.12 ,4.41 ,1.71 ,2.07 ,9.90 ,90.10 
2006/04,5.85 ,6.39 ,4.59 ,1.71 ,2.07 ,10.60 ,89.40 
2006/05,5.85 ,6.39 ,4.59 ,1.71 ,2.07 ,10.70 ,89.30 
2006/06,5.85 ,6.39 ,4.59 ,1.71 ,2.07 ,10.40 ,89.60 
2006/07,5.85 ,6.39 ,4.59 ,1.71 ,2.07 ,10.30 ,89.70 
2006/08,6.12 ,6.84 ,4.59 ,1.80 ,2.25 ,10.80 ,89.20 
2006/09,6.12 ,6.84 ,4.59 ,1.80 ,2.25 ,10.80 ,89.20 
2006/10,6.12 ,6.84 ,4.59 ,1.80 ,2.25 ,11.10 ,88.90 
2006/11,6.12 ,6.84 ,4.59 ,1.80 ,2.25 ,11.10 ,88.90 
2006/12,6.12 ,6.84 ,4.59 ,1.80 ,2.25 ,11.60 ,88.40 
2007/01,6.12 ,6.84 ,4.59 ,1.80 ,2.25 ,N/A,N/A
2007/02,6.12 ,6.84 ,4.59 ,1.80 ,2.25 ,10.10 ,89.90 
2007/03,6.39 ,7.11 ,4.77 ,1.98 ,2.43 ,9.70 ,90.30 
2007/04,6.39 ,7.11 ,4.77 ,1.98 ,2.43 ,10.30 ,89.70 
2007/05,6.57 ,7.20 ,4.86 ,2.07 ,2.61 ,9.70 ,90.30 
2007/06,6.57 ,7.20 ,4.86 ,2.07 ,2.61 ,9.30 ,90.70 
2007/07,6.84 ,7.38 ,4.95 ,2.34 ,2.88 ,9.40 ,90.60 
2007/08,7.02 ,7.56 ,5.04 ,2.61 ,3.15 ,9.70 ,90.30 
2007/09,7.29 ,7.83 ,5.22 ,2.88 ,3.42 ,9.90 ,90.10 
2007/10,7.29 ,7.83 ,5.22 ,2.88 ,3.42 ,9.90 ,90.10 
2007/11,7.29 ,7.83 ,5.22 ,2.88 ,3.42 ,9.90 ,90.10 
2007/12,7.47 ,7.83 ,5.22 ,3.33 ,3.78 ,11.20 ,88.80 
2008/01,7.47 ,7.83 ,5.22 ,3.33 ,3.78 ,N/A,N/A
2008/02,7.47 ,7.83 ,5.22 ,3.33 ,3.78 ,9.40 ,90.60 
2008/03,7.47 ,7.83 ,5.22 ,3.33 ,3.78 ,8.80 ,91.20 
2008/04,7.47 ,7.83 ,5.22 ,3.33 ,3.78 ,9.40 ,90.60 
2008/05,7.47 ,7.83 ,5.22 ,3.33 ,3.78 ,9.20 ,90.80 
2008/06,7.47 ,7.83 ,5.22 ,3.33 ,3.78 ,8.80 ,91.20 
2008/07,7.47 ,7.83 ,5.22 ,3.33 ,3.78 ,9.30 ,90.70 
2008/08,7.47 ,7.83 ,5.22 ,3.33 ,3.78 ,9.70 ,90.30 
2008/09,7.20 ,7.74 ,5.13 ,3.33 ,3.78 ,9.90 ,90.10 
2008/10,6.66 ,7.20 ,4.59 ,2.88 ,3.24 ,10.00 ,90.00 
2008/11,5.58 ,6.12 ,4.05 ,1.98 ,2.25 ,10.30 ,89.70 
2008/12,5.31 ,5.94 ,3.87 ,1.71 ,1.98 ,11.50 ,88.50 
2009/01,5.31 ,5.94 ,3.87 ,1.71 ,1.98 ,N/A,N/A
2009/02,5.31 ,5.94 ,3.87 ,1.71 ,1.98 ,10.40 ,89.60 
2009/03,5.31 ,5.94 ,3.87 ,1.71 ,1.98 ,8.90 ,91.10 
2009/04,5.31 ,5.94 ,3.87 ,1.71 ,1.98 ,9.30 ,90.70 
2009/05,5.31 ,5.94 ,3.87 ,1.71 ,1.98 ,8.80 ,91.20 
2009/06,5.31 ,5.94 ,3.87 ,1.71 ,1.98 ,8.40 ,91.60 
2009/07,5.31 ,5.94 ,3.87 ,1.71 ,1.98 ,8.70 ,91.30 
2009/08,5.31 ,5.94 ,3.87 ,1.71 ,1.98 ,8.90 ,91.10 
2009/09,5.31 ,5.94 ,3.87 ,1.71 ,1.98 ,8.80 ,91.20 
2009/10,5.31 ,5.94 ,3.87 ,1.71 ,1.98 ,9.00 ,91.00 
2009/11,5.31 ,5.94 ,3.87 ,1.71 ,1.98 ,9.10 ,90.90 
2009/12,5.31 ,5.94 ,3.87 ,1.71 ,1.98 ,10.70 ,89.30 
2010/01,5.31 ,5.94 ,3.87 ,1.71 ,1.98 ,N/A,N/A
2010/02,5.31 ,5.94 ,3.87 ,1.71 ,1.98 ,9.40 ,90.60 
2010/03,5.31 ,5.94 ,3.87 ,1.71 ,1.98 ,7.70 ,92.30 
2010/04,5.31 ,5.94 ,3.87 ,1.71 ,1.98 ,8.20 ,91.80 
2010/05,5.31 ,5.94 ,3.87 ,1.71 ,1.98 ,8.00 ,92.00 
2010/06,5.31 ,5.94 ,3.87 ,1.71 ,1.98 ,7.60 ,92.40 
2010/07,5.31 ,5.94 ,3.87 ,1.71 ,1.98 ,7.70 ,92.30 
2010/08,5.31 ,5.94 ,3.87 ,1.71 ,1.98 ,7.90 ,92.10 
2010/09,5.31 ,5.94 ,3.87 ,1.71 ,1.98 ,7.80 ,92.20 
2010/10,5.56 ,6.14 ,4.05 ,1.91 ,2.20 ,7.90 ,92.10 
2010/11,5.56 ,6.14 ,4.05 ,1.91 ,2.20 ,8.00 ,92.00 
2010/12,5.81 ,6.40 ,4.30 ,2.25 ,2.50 ,9.40 ,90.60 
2011/01,5.81 ,6.40 ,4.30 ,2.25 ,2.50 ,N/A,N/A
2011/02,6.06 ,6.60 ,4.50 ,2.60 ,2.80 ,7.90 ,92.10 
2011/03,6.06 ,6.60 ,4.50 ,2.60 ,2.80 ,6.40 ,93.60 
2011/04,6.31 ,6.80 ,4.70 ,2.85 ,3.05 ,6.60 ,93.40 
2011/05,6.31 ,6.80 ,4.70 ,2.85 ,3.05 ,6.30 ,93.70 
2011/06,6.31 ,6.80 ,4.70 ,2.85 ,3.05 ,5.90 ,94.10 
2011/07,6.56 ,7.05 ,4.90 ,3.10 ,3.30 ,6.00 ,94.00 
2011/08,6.56 ,7.05 ,4.90 ,3.10 ,3.30 ,5.90 ,94.10 
2011/09,6.56 ,7.05 ,4.90 ,3.10 ,3.30 ,5.90 ,94.10 
2011/10,6.56 ,7.05 ,4.90 ,3.10 ,3.30 ,5.90 ,94.10 
2011/11,6.56 ,7.05 ,4.90 ,3.10 ,3.30 ,6.00 ,94.00 
2011/12,6.56 ,7.05 ,4.90 ,3.10 ,3.30 ,7.20 ,92.80 
2012/01,6.56 ,7.05 ,4.90 ,3.10 ,3.30 ,N/A,N/A
2012/02,6.56 ,7.05 ,4.90 ,3.10 ,3.30 ,6.00 ,94.00 
2012/03,6.56 ,7.05 ,4.90 ,3.10 ,3.30 ,5.00 ,95.00 
2012/04,6.56 ,7.05 ,4.90 ,3.10 ,3.30 ,5.40 ,94.60 
2012/05,6.56 ,7.05 ,4.90 ,3.10 ,3.30 ,5.10 ,94.90 
2012/06,6.31 ,6.80 ,4.70 ,2.85 ,3.05 ,5.00 ,95.00 
2012/07,6.00 ,6.55 ,4.50 ,2.60 ,2.80 ,5.10 ,94.90 
2012/08,6.00 ,6.55 ,4.50 ,2.60 ,2.80 ,5.20 ,94.80 
2012/09,6.00 ,6.55 ,4.50 ,2.60 ,2.80 ,5.30 ,94.70 
2012/10,6.00 ,6.55 ,4.50 ,2.60 ,2.80 ,5.40 ,94.60 
2012/11,6.00 ,6.55 ,4.50 ,2.60 ,2.80 ,5.50 ,94.50 
2012/12,6.00 ,6.55 ,4.50 ,2.60 ,2.80 ,6.50 ,93.50 
2013/01,6.00 ,6.55 ,4.50 ,2.60 ,2.80 ,N/A,N/A
2013/02,6.00 ,6.55 ,4.50 ,2.60 ,2.80 ,5.20 ,94.80 
2013/03,6.00 ,6.55 ,4.50 ,2.60 ,2.80 ,4.60 ,95.40 
2013/04,6.00 ,6.55 ,4.50 ,2.60 ,2.80 ,4.90 ,95.10 
2013/05,6.00 ,6.55 ,4.50 ,2.60 ,2.80 ,4.70 ,95.30 
2013/06,6.00 ,6.55 ,4.50 ,2.60 ,2.80 ,4.60 ,95.40 
2013/07,6.00 ,6.55 ,4.50 ,2.60 ,2.80 ,4.80 ,95.20 
2013/08,6.00 ,6.55 ,4.50 ,2.60 ,2.80 ,4.80 ,95.20 
2013/09,6.00 ,6.55 ,4.50 ,2.60 ,2.80 ,4.90 ,95.10 
2013/10,6.00 ,6.55 ,4.50 ,2.60 ,2.80 ,5.00 ,95.00 
2013/11,6.00 ,6.55 ,4.50 ,2.60 ,2.80 ,5.30 ,94.70 
2013/12,6.00 ,6.55 ,4.50 ,2.60 ,2.80 ,5.70 ,94.30 
2014/01,6.00 ,6.55 ,4.50 ,2.60 ,2.80 ,N/A,N/A
2014/02,6.00 ,6.55 ,4.50 ,2.60 ,2.80 ,4.90 ,95.10 
2014/03,6.00 ,6.55 ,4.50 ,2.60 ,2.80 ,4.40 ,95.60 
2014/04,6.00 ,6.55 ,4.50 ,2.60 ,2.80 ,4.30 ,95.70 
2014/05,6.00 ,6.55 ,4.50 ,2.60 ,2.80 ,4.30 ,95.70 
2014/06,6.00 ,6.55 ,4.50 ,2.60 ,2.80 ,4.50 ,95.50 
2014/07,6.00 ,6.55 ,4.50 ,2.60 ,2.80 ,4.50 ,95.50 
2014/08,6.00 ,6.55 ,4.50 ,2.60 ,2.80 ,4.60 ,95.40 
2014/09,6.00 ,6.55 ,4.50 ,2.60 ,2.80 ,4.70 ,95.30 
2014/10,6.00 ,6.55 ,4.50 ,2.60 ,2.80 ,4.80 ,95.20 
2014/11,5.60 ,6.15 ,4.25 ,2.35 ,2.55 ,4.90 ,95.10 
2014/12,5.60 ,6.15 ,4.25 ,2.35 ,2.55 ,5.10 ,94.90 
2015/01,5.60 ,6.15 ,4.25 ,2.35 ,2.55 ,N/A,N/A
2015/02,5.60 ,6.15 ,4.25 ,2.35 ,2.55 ,4.60 ,95.40 
2015/03,5.35 ,5.90 ,4.00 ,2.10 ,2.30 ,4.30 ,95.70 
2015/04,5.35 ,5.90 ,4.00 ,2.10 ,2.30 ,4.20 ,95.80 
2015/05,5.10 ,5.65 ,3.75 ,1.85 ,2.05 ,4.10 ,95.90 
2015/06,4.85 ,5.40 ,3.50 ,1.60 ,1.80 ,4.10 ,95.90 
2015/07,4.85 ,5.40 ,3.50 ,1.60 ,1.80 ,4.20 ,95.80 
2015/08,4.60 ,5.15 ,3.25 ,1.35 ,1.55 ,4.30 ,95.70 
2015/09,4.60 ,5.15 ,3.25 ,1.35 ,1.55 ,4.30 ,95.70 
2015/10,4.35 ,4.90 ,3.25 ,1.10 ,1.30 ,4.40 ,95.60 
2015/11,4.35 ,4.90 ,3.25 ,1.10 ,1.30 ,4.40 ,95.60 
2015/12,4.35 ,4.90 ,3.25 ,1.10 ,1.30 ,4.80 ,95.20 
2016/01,4.35 ,4.90 ,3.25 ,1.10 ,1.30 ,N/A,N/A
2016/02,4.35 ,4.90 ,3.25 ,1.10 ,1.30 ,4.00 ,96.00 
2016/03,4.35 ,4.90 ,3.25 ,1.10 ,1.30 ,4.00 ,96.00 
2016/04,4.35 ,4.90 ,3.25 ,1.10 ,1.30 ,4.10 ,95.90 
2016/05,4.35 ,4.90 ,3.25 ,1.10 ,1.30 ,4.20 ,95.80 
2016/06,4.35 ,4.90 ,3.25 ,1.10 ,1.30 ,4.20 ,95.80 
2016/07,4.35 ,4.90 ,3.25 ,1.10 ,1.30 ,4.20 ,95.80 
2016/08,4.35 ,4.90 ,3.25 ,1.10 ,1.30 ,4.30 ,95.70 
2016/09,4.35 ,4.90 ,3.25 ,1.10 ,1.30 ,4.00 ,96.00 
2016/10,4.35 ,4.90 ,3.25 ,1.10 ,1.30 ,4.00 ,96.00 
2016/11,4.35 ,4.90 ,3.25 ,1.10 ,1.30 ,4.00 ,96.00 
2016/12,4.35 ,4.90 ,3.25 ,1.10 ,1.30 ,4.20 ,95.80 
2017/01,4.35 ,4.90 ,3.25 ,1.10 ,1.30 ,N/A,N/A
2017/02,4.35 ,4.90 ,3.25 ,1.10 ,1.30 ,3.40 ,96.60 
2017/03,4.35 ,4.90 ,3.25 ,1.10 ,1.30 ,3.40 ,96.60 
2017/04,4.35 ,4.90 ,3.25 ,1.10 ,1.30 ,3.50 ,96.50 
2017/05,4.35 ,4.90 ,3.25 ,1.10 ,1.30 ,3.50 ,96.50 
2017/06,4.35 ,4.90 ,3.25 ,1.10 ,1.30 ,3.40 ,96.60 
2017/07,4.35 ,4.90 ,3.25 ,1.10 ,1.30 ,3.60 ,96.40 
2017/08,4.35 ,4.90 ,3.25 ,1.10 ,1.30 ,3.50 ,96.50 
2017/09,4.35 ,4.90 ,3.25 ,1.10 ,1.30 ,3.50 ,96.50 
2017/10,4.35 ,4.90 ,3.25 ,1.10 ,1.30 ,3.50 ,96.50 
2017/11,4.35 ,4.90 ,3.25 ,1.10 ,1.30 ,3.50 ,96.50 
2017/12,4.35 ,4.90 ,3.25 ,1.10 ,1.30 ,3.70 ,96.30 
2018/01,4.35 ,4.90 ,3.25 ,1.10 ,1.30 ,N/A,N/A
2018/02,4.35 ,4.90 ,3.25 ,1.10 ,1.30 ,N/A,N/A
2018/03,4.35 ,4.90 ,3.25 ,1.10 ,1.30 ,N/A,N/A
2018/04,4.35 ,4.90 ,3.25 ,1.10 ,1.30 ,N/A,N/A
2018/05,4.35 ,4.90 ,3.25 ,1.10 ,1.30 ,N/A,N/A
2018/06,4.35 ,4.90 ,3.25 ,1.10 ,1.30 ,N/A,N/A
2018/07,4.35 ,4.90 ,3.25 ,1.10 ,1.30 ,N/A,N/A
2018/08,4.35 ,4.90 ,3.25 ,1.10 ,1.30 ,N/A,N/A
2018/09,4.35 ,4.90 ,3.25 ,1.10 ,1.30 ,N/A,N/A
2018/10,4.35 ,4.90 ,3.25 ,1.10 ,1.30 ,N/A,N/A
2018/11,4.35 ,4.90 ,3.25 ,1.10 ,1.30 ,N/A,N/A
2018/12,4.35 ,4.90 ,3.25 ,1.10 ,1.30 ,N/A,N/A
2019/01,4.35 ,4.90 ,3.25 ,1.10 ,1.30 ,N/A,N/A
2019/02,4.35 ,4.90 ,3.25 ,1.10 ,1.30 ,N/A,N/A
2019/03,4.35 ,4.90 ,3.25 ,1.10 ,1.30 ,N/A,N/A
2019/04,4.35 ,4.90 ,3.25 ,1.10 ,1.30 ,N/A,N/A
2019/05,4.35 ,4.90 ,3.25 ,1.10 ,1.30 ,N/A,N/A
2019/06,4.35 ,4.90 ,3.25 ,1.10 ,1.30 ,N/A,N/A
2019/07,4.35 ,4.90 ,3.25 ,1.10 ,1.30 ,N/A,N/A
2019/08,4.35 ,4.90 ,3.25 ,1.10 ,1.30 ,N/A,N/A
